id,first_name,gender,ip_address
1,Jerrilee,Female,111.160.98.105
2,Pearl,Female,183.233.155.61
3,Corny,Male,134.142.53.30
4,Mohammed,Male,56.250.255.140
5,Ricki,Female,217.202.188.25
6,Inger,Female,174.10.80.154
7,Lorenzo,Male,27.151.238.215
8,Niccolo,Male,160.117.65.44
9,Felix,Male,155.226.175.212
10,Gilly,Female,12.172.66.165
11,Consuela,Female,59.131.22.243
12,Nevile,Male,226.116.69.42
13,Silvanus,Male,42.52.86.213
14,Cyril,Male,64.22.152.109
15,Blisse,Female,81.136.38.167
16,Madalena,Female,39.10.194.13
17,Hercules,Male,39.15.140.111
18,Thedrick,Male,35.45.210.181
19,Holly,Male,52.49.75.119
20,Tomlin,Male,244.187.124.82
21,Gillan,Female,58.65.122.113
22,Willard,Male,18.201.214.183
23,Terrill,Male,228.4.175.222
24,Suellen,Female,77.188.2.254
25,Charla,Female,194.250.120.235
26,Fiona,Female,155.30.68.136
27,Felisha,Female,8.22.224.134
28,Siana,Female,106.117.88.170
29,Corny,Female,91.63.180.41
30,Zaneta,Female,55.140.107.103
31,Agustin,Male,227.128.63.136
32,Alleyn,Male,16.49.95.69
33,Veronica,Female,7.191.181.248
34,Filberto,Male,157.102.238.82
35,Arleyne,Female,83.237.103.2
36,Iggy,Male,225.84.75.26
37,Josias,Male,239.92.52.89
38,Kelsi,Female,241.201.145.29
39,Jacquelin,Female,211.23.78.162
40,Elwira,Female,161.96.186.160
41,Carola,Female,98.228.195.39
42,Benny,Female,152.248.171.78
43,Sherwynd,Male,134.7.135.155
44,Prinz,Male,7.88.82.186
45,Kelwin,Male,180.117.16.47
46,Maryanna,Female,153.156.2.88
47,Massimiliano,Male,46.60.204.151
48,Andrey,Male,48.48.252.204
49,Perle,Female,185.45.37.15
50,Erhard,Male,193.20.79.13
51,Leontyne,Female,225.151.43.213
52,Gillian,Female,107.99.2.225
53,Jobi,Female,33.5.77.211
54,Zorine,Female,99.115.9.115
55,Westleigh,Male,163.124.145.109
56,Addie,Female,82.170.124.95
57,Lana,Female,41.53.140.201
58,Flory,Male,1.160.16.209
59,Catarina,Female,174.131.128.98
60,Carolyn,Female,100.237.76.230
61,Creigh,Male,87.202.231.29
62,Robbie,Male,187.231.56.208
63,Merry,Male,242.17.12.147
64,Tommie,Male,76.31.91.147
65,Thornton,Male,124.109.10.218
66,Tracey,Male,58.162.117.244
67,Harwilll,Male,60.181.168.216
68,Mallissa,Female,188.150.53.177
69,Casar,Male,157.25.80.85
70,Pavel,Male,32.152.189.216
71,Leshia,Female,215.220.238.77
72,Gwenore,Female,67.36.201.47
73,Sib,Female,197.123.9.160
74,Heath,Male,58.72.178.73
75,Cloris,Female,13.76.59.89
76,Clarie,Female,139.114.3.217
77,Elmer,Male,101.165.121.4
78,Elyse,Female,80.162.205.60
79,Anthia,Female,152.13.77.46
80,Cortie,Male,38.140.125.31
81,Mirabel,Female,122.30.175.95
82,Patrica,Female,117.178.148.124
83,Euphemia,Female,152.140.237.205
84,Ellynn,Female,174.132.138.244
85,Wyatt,Male,123.85.32.166
86,Perri,Female,3.168.166.195
87,Corrine,Female,182.213.26.126
88,Sinclair,Male,15.0.113.77
89,Andrei,Female,115.75.137.144
90,Hayward,Male,44.65.134.69
91,Ronald,Male,221.143.220.28
92,Lula,Female,120.2.120.85
93,Colin,Male,53.213.53.8
94,Ruddie,Male,156.69.92.175
95,Lennie,Male,66.52.0.48
96,Neville,Male,4.165.19.190
97,Sibelle,Female,175.71.223.240
98,Cristiano,Male,167.85.73.249
99,Tamarra,Female,212.221.51.174
100,Vyky,Female,229.165.76.179
101,Kahaleel,Male,88.99.135.203
102,Romola,Female,69.58.22.160
103,Boigie,Male,100.56.136.161
104,Durand,Male,252.3.4.62
105,Merle,Male,236.88.58.45
106,Bill,Male,99.178.18.47
107,Nichole,Male,130.14.189.79
108,Pooh,Female,154.89.29.237
109,Alameda,Female,135.205.189.203
110,Gradey,Male,205.224.7.58
111,Laurent,Male,53.205.133.33
112,Randolph,Male,43.217.181.208
113,Ransell,Male,42.87.125.18
114,Hubey,Male,255.195.167.241
115,Clair,Male,125.82.196.175
116,Florian,Male,232.19.95.15
117,Derron,Male,151.120.233.203
118,Doyle,Male,166.84.4.253
119,Jeff,Male,185.167.41.167
120,Lewie,Male,4.102.157.214
121,Devin,Female,253.53.74.18
122,Yul,Male,9.170.161.142
123,Annadiane,Female,161.40.85.233
124,Vonnie,Female,214.174.116.204
125,Piggy,Male,35.188.119.79
126,Wallache,Male,242.244.65.161
127,Miguel,Male,40.30.66.19
128,Kareem,Male,105.196.84.58
129,Haily,Male,108.122.198.12
130,Janot,Female,93.166.231.99
131,Laurie,Female,118.78.39.217
132,Brockie,Male,48.161.243.29
133,Lonnie,Male,206.49.205.124
134,Joey,Female,21.225.69.53
135,Jordana,Female,198.224.148.19
136,Brittni,Female,127.14.62.202
137,Wilmar,Male,70.143.101.53
138,Nathanael,Male,209.136.139.30
139,Maggi,Female,51.31.49.47
140,Vivia,Female,79.59.250.129
141,Bartlet,Male,204.87.234.133
142,Orville,Male,95.246.194.94
143,Donovan,Male,32.153.92.62
144,Markus,Male,6.47.65.120
145,William,Male,113.106.249.75
146,Abigale,Female,208.200.237.191
147,Jordan,Female,90.226.101.107
148,Niles,Male,18.35.108.248
149,Lowell,Male,1.218.198.3
150,Ado,Male,5.42.242.91
151,Ethelin,Female,178.62.89.247
152,Sherry,Female,139.10.110.148
153,Moria,Female,19.163.138.24
154,Stanislaw,Male,156.116.60.57
155,Killy,Male,170.25.243.128
156,Jordan,Male,173.137.31.199
157,Geri,Male,42.231.174.95
158,Penni,Female,162.146.213.94
159,Tonnie,Male,213.187.86.99
160,Elsey,Female,251.234.105.44
161,Geneva,Female,238.243.46.102
162,Alford,Male,69.200.139.68
163,Juliet,Female,178.213.21.25
164,Jemimah,Female,221.214.60.162
165,Clarisse,Female,129.68.175.185
166,Caryn,Female,71.70.217.111
167,Drake,Male,63.248.62.197
168,Dallas,Female,116.2.42.196
169,Olwen,Female,37.20.247.157
170,Adriena,Female,159.179.144.75
171,Burch,Male,197.164.232.220
172,Bing,Male,89.182.26.181
173,Anatollo,Male,114.135.131.2
174,Harrietta,Female,17.131.175.7
175,Lark,Female,139.102.184.91
176,Obie,Male,207.2.48.106
177,Trumann,Male,106.199.91.38
178,Valentino,Male,4.220.3.216
179,Stanley,Male,170.26.211.63
180,Jesus,Male,241.94.20.15
181,Catrina,Female,164.157.174.17
182,Reid,Male,124.45.103.2
183,Prentice,Male,142.102.239.91
184,Zaria,Female,167.187.174.82
185,Eirena,Female,89.22.5.210
186,Pearline,Female,175.224.12.211
187,Kimbra,Female,205.163.118.108
188,Alexine,Female,122.24.114.223
189,Annora,Female,64.53.55.129
190,Winn,Male,181.214.117.112
191,Sig,Male,102.81.115.9
192,Harbert,Male,250.195.39.253
193,Armand,Male,214.90.55.63
194,Archy,Male,202.105.136.174
195,Andie,Female,144.123.12.166
196,Honey,Female,75.186.61.21
197,Paddy,Male,199.37.68.26
198,Royall,Male,119.96.3.131
199,Garrick,Male,19.184.132.129
200,Anselm,Male,167.151.76.94
201,Eldridge,Male,0.122.188.11
202,Lane,Male,203.111.216.84
203,Vinnie,Male,204.137.101.82
204,Hale,Male,79.202.175.38
205,Mathilda,Female,187.207.207.32
206,Erv,Male,102.229.104.217
207,Earvin,Male,238.158.71.124
208,Barbey,Female,218.6.0.148
209,Mitzi,Female,126.39.31.132
210,Cynthia,Female,233.66.31.201
211,Saundra,Female,113.30.160.56
212,Esra,Male,58.10.129.175
213,Antin,Male,209.230.168.245
214,Adolphe,Male,119.127.85.61
215,Benjamen,Male,253.97.154.82
216,Kristien,Female,190.29.27.29
217,Andee,Female,178.236.57.149
218,Hunfredo,Male,19.191.209.241
219,Wheeler,Male,0.174.37.193
220,Adolph,Male,100.213.36.42
221,Tabina,Female,225.64.199.8
222,Thain,Male,195.41.75.181
223,Wyndham,Male,129.229.60.103
224,Hadlee,Male,11.83.4.95
225,Royall,Male,229.12.128.108
226,Marie-ann,Female,29.92.106.3
227,Beverlee,Female,235.231.214.25
228,Kermie,Male,128.8.35.147
229,Fredek,Male,60.209.27.158
230,Vivienne,Female,175.171.168.98
231,Cam,Female,189.58.195.227
232,Erminia,Female,159.239.125.74
233,Paquito,Male,22.239.233.138
234,Loralie,Female,16.19.67.167
235,Padget,Male,70.29.28.224
236,Evonne,Female,228.242.205.215
237,Gerrie,Female,142.129.63.77
238,Carolyn,Female,39.67.255.51
239,Estell,Female,248.89.235.80
240,Edvard,Male,43.117.39.104
241,Sol,Male,171.181.184.32
242,Josy,Female,21.61.189.253
243,Nonah,Female,115.125.110.82
244,Clarinda,Female,133.139.51.101
245,Jermaine,Female,147.158.150.229
246,Eustace,Male,251.22.231.161
247,Galvin,Male,228.221.113.243
248,Irvine,Male,31.20.113.130
249,Justinn,Female,45.51.20.154
250,Ardelle,Female,183.80.220.3
251,Merridie,Female,32.155.150.80
252,Walliw,Female,120.158.155.135
253,Evaleen,Female,178.25.212.102
254,Dael,Male,215.232.91.171
255,Emmanuel,Male,214.5.54.107
256,Leonerd,Male,131.69.28.195
257,Berkley,Male,137.145.194.46
258,Megen,Female,103.20.247.106
259,Ira,Male,42.151.91.254
260,Lorrayne,Female,0.144.235.64
261,Ewan,Male,18.91.233.170
262,Keane,Male,95.208.115.151
263,Kimbra,Female,74.96.162.134
264,Hagan,Male,143.139.236.34
265,Ingunna,Female,144.157.114.187
266,Lorna,Female,14.12.7.188
267,Madelina,Female,224.184.59.172
268,Artur,Male,249.56.127.5
269,Orland,Male,22.230.151.139
270,Chaunce,Male,241.182.137.222
271,Kimball,Male,38.13.171.213
272,Shurlocke,Male,34.136.154.14
273,Thaddeus,Male,123.75.73.116
274,Dukie,Male,148.107.229.62
275,Carr,Male,103.184.27.91
276,Nelli,Female,118.214.175.135
277,Thurston,Male,74.20.3.211
278,Dareen,Female,138.94.254.35
279,Bartlet,Male,104.17.158.240
280,Nicolle,Female,133.242.194.230
281,Malvin,Male,169.224.153.82
282,Kaleb,Male,186.162.77.86
283,Bobine,Female,253.81.184.191
284,Larissa,Female,162.40.127.99
285,Aubrie,Female,164.5.58.106
286,Lambert,Male,202.6.26.243
287,Fredrika,Female,7.175.2.231
288,Currey,Male,96.157.140.148
289,Valma,Female,57.87.208.111
290,Nickola,Male,113.71.142.70
291,Peder,Male,150.234.255.172
292,Cassaundra,Female,11.85.190.172
293,Noah,Male,92.36.22.0
294,Christel,Female,183.31.17.231
295,Ania,Female,228.241.178.138
296,Aeriel,Female,86.26.124.49
297,Penny,Male,138.153.129.107
298,Mic,Male,247.130.63.243
299,Abel,Male,184.94.62.54
300,Orville,Male,87.243.205.193
301,Gerrard,Male,234.48.12.131
302,Myrwyn,Male,240.35.211.185
303,Erin,Female,17.88.192.18
304,Toddy,Male,148.34.131.96
305,Patty,Male,28.116.99.88
306,Giulietta,Female,206.195.197.123
307,Ivy,Female,55.158.139.8
308,Lindon,Male,94.52.248.150
309,Rodie,Female,207.221.101.204
310,Giffer,Male,221.172.103.30
311,Pearline,Female,9.134.186.98
312,Ermin,Male,211.247.125.45
313,Jacquenetta,Female,225.154.7.73
314,Elmore,Male,224.221.255.135
315,Torr,Male,52.170.204.100
316,Rog,Male,182.15.133.95
317,Esteban,Male,170.51.131.215
318,Joaquin,Male,208.105.122.182
319,Lainey,Female,158.209.245.171
320,Virgilio,Male,94.165.89.217
321,Steve,Male,163.44.229.134
322,Boris,Male,43.119.44.131
323,Devondra,Female,229.251.211.171
324,Lenora,Female,83.231.142.113
325,Lesly,Female,40.200.7.147
326,Marielle,Female,237.96.188.132
327,Steffane,Female,96.58.105.230
328,Johnathon,Male,71.106.27.58
329,Lyell,Male,206.200.85.134
330,Filmer,Male,148.111.201.63
331,Lilli,Female,129.121.66.222
332,Marjory,Female,25.122.144.132
333,Vilma,Female,83.244.246.187
334,Dunstan,Male,42.235.168.214
335,Corbett,Male,239.97.231.32
336,Byrle,Male,14.87.135.226
337,Tremain,Male,110.240.70.68
338,Annabella,Female,255.150.182.47
339,Catha,Female,23.167.51.117
340,Carmencita,Female,185.107.57.81
341,Jannel,Female,128.61.82.27
342,Dorolisa,Female,12.232.11.175
343,Hieronymus,Male,123.156.62.24
344,Isa,Male,93.30.101.157
345,Cindra,Female,233.15.165.175
346,Morton,Male,80.246.210.194
347,Rinaldo,Male,224.103.130.172
348,Angus,Male,77.102.78.247
349,Iggie,Male,225.38.36.227
350,Patrizius,Male,18.132.81.77
351,Jannelle,Female,137.114.2.78
352,Ilysa,Female,20.246.70.161
353,Kendell,Male,110.155.190.215
354,Karlotta,Female,80.227.123.54
355,Katleen,Female,180.176.148.0
356,Aubine,Female,184.112.75.154
357,Chad,Female,254.176.12.33
358,Garnette,Female,25.237.64.64
359,Farley,Male,228.250.172.29
360,Burt,Male,172.5.194.52
361,Nada,Female,232.102.35.154
362,Tiff,Female,152.2.90.175
363,Annabella,Female,182.68.240.221
364,Zarah,Female,249.82.208.230
365,Deane,Female,16.239.70.170
366,Farrel,Male,226.92.6.194
367,Charisse,Female,110.53.181.54
368,Tandy,Female,132.55.124.229
369,Horace,Male,172.178.246.241
370,Tarrah,Female,62.40.92.122
371,Anabal,Female,176.172.137.210
372,Dorette,Female,189.75.107.98
373,Loraine,Female,97.190.230.219
374,Terrill,Male,16.20.137.89
375,Bartholomeo,Male,234.102.6.59
376,Marinna,Female,10.174.247.252
377,Cami,Female,205.164.214.13
378,Ives,Male,8.218.195.17
379,Bernette,Female,180.35.116.174
380,Elianora,Female,37.240.79.11
381,Abbie,Female,193.134.232.116
382,Kellby,Male,143.122.117.190
383,Sheffy,Male,33.242.67.103
384,Munroe,Male,9.196.49.47
385,Huey,Male,134.155.177.16
386,Lorianna,Female,68.3.247.88
387,Florina,Female,192.215.44.124
388,Hastings,Male,200.42.139.2
389,Lonni,Female,252.35.189.245
390,Georgetta,Female,118.89.220.107
391,Gwendolyn,Female,173.191.6.223
392,Kyle,Male,178.37.159.11
393,Leola,Female,127.204.233.79
394,Elisabeth,Female,184.70.194.208
395,Freida,Female,199.159.176.111
396,Grissel,Female,159.168.90.197
397,Tadio,Male,141.113.145.9
398,Martin,Male,239.113.127.252
399,Stephan,Male,160.2.221.37
400,Cheston,Male,244.210.196.95
401,Teresina,Female,162.134.69.54
402,Gaye,Female,4.78.166.73
403,Flin,Male,116.63.239.79
404,Carmine,Male,78.64.128.158
405,Karlis,Male,77.149.159.102
406,Violetta,Female,220.236.116.67
407,Auberon,Male,174.40.113.56
408,Scarlett,Female,30.208.109.172
409,Perla,Female,89.75.213.126
410,Orion,Male,229.150.173.2
411,Hyacinthe,Female,221.118.41.97
412,Bernadine,Female,12.58.90.106
413,Wendeline,Female,165.226.136.172
414,Avictor,Male,48.166.0.211
415,Morten,Male,9.189.173.228
416,Herta,Female,17.78.65.239
417,Sue,Female,228.182.82.254
418,Bel,Female,71.96.15.99
419,Ag,Female,132.34.1.102
420,Rickie,Male,137.248.186.59
421,Jennee,Female,115.230.13.187
422,Latrena,Female,12.107.109.119
423,Carlin,Female,21.251.199.103
424,Alwyn,Male,211.209.144.125
425,Booth,Male,150.221.196.65
426,Gabriellia,Female,161.74.200.200
427,Maitilde,Female,111.208.155.145
428,Fredia,Female,70.131.20.74
429,Caitlin,Female,179.234.108.213
430,Kalli,Female,230.65.14.250
431,Frank,Male,129.128.150.191
432,Aurore,Female,111.71.241.149
433,Aleda,Female,182.43.158.69
434,Kliment,Male,61.41.123.106
435,Richmond,Male,118.23.215.206
436,Valli,Female,202.146.6.209
437,Loralee,Female,31.67.116.91
438,Kaleb,Male,106.125.167.58
439,Kara,Female,47.151.31.94
440,Donnell,Male,114.42.134.68
441,Fionnula,Female,186.99.91.230
442,Stefan,Male,234.191.90.219
443,Olly,Female,145.106.92.184
444,Kurtis,Male,214.193.188.168
445,Elbert,Male,128.239.161.10
446,Udell,Male,168.38.248.237
447,Phil,Female,206.136.138.172
448,Maddie,Male,231.48.250.17
449,Frederic,Male,225.139.156.220
450,Evangelina,Female,17.239.212.184
451,Katharina,Female,198.183.134.231
452,Ingaberg,Female,193.26.106.1
453,Gunter,Male,164.121.10.115
454,Arleyne,Female,214.140.168.44
455,Garrick,Male,90.53.252.110
456,Sindee,Female,196.249.118.232
457,Keane,Male,195.153.103.226
458,Cesaro,Male,226.165.115.52
459,Mord,Male,213.59.59.34
460,Amargo,Female,253.10.37.216
461,Jenna,Female,154.221.61.237
462,Zebulon,Male,48.241.62.70
463,Billie,Female,115.20.59.0
464,Shae,Female,29.14.18.197
465,Maximilian,Male,243.31.231.158
466,Frayda,Female,16.87.44.139
467,Karoly,Female,70.143.45.113
468,Rose,Female,52.20.26.153
469,Beryle,Female,166.21.150.192
470,Fanechka,Female,192.39.235.115
471,Chas,Male,50.34.167.61
472,Salmon,Male,88.35.49.79
473,Ferne,Female,143.192.72.75
474,Serena,Female,121.13.35.20
475,Carolyn,Female,109.2.147.9
476,Isador,Male,252.241.67.134
477,Adams,Male,3.239.147.3
478,Lu,Female,105.55.81.143
479,Elwin,Male,200.82.238.210
480,Brooks,Male,74.195.178.24
481,Joseph,Male,127.248.48.211
482,Alina,Female,211.127.10.222
483,Jeremy,Male,158.239.31.201
484,Justin,Male,90.222.111.171
485,Nikolia,Female,251.102.149.102
486,Benedict,Male,26.176.177.149
487,Delinda,Female,205.249.48.145
488,Alexandro,Male,120.221.12.23
489,Abigael,Female,106.210.86.213
490,Felita,Female,35.229.71.205
491,Amalie,Female,157.142.168.69
492,Diandra,Female,112.142.26.33
493,Gustavo,Male,46.90.167.190
494,Ag,Female,89.67.155.249
495,Max,Female,151.163.212.142
496,Nichole,Male,172.178.36.145
497,Jamey,Male,103.39.45.4
498,Bat,Male,61.122.174.31
499,Ingrim,Male,209.166.163.110
500,Chris,Female,110.175.90.104
